{"cameraMode":{"drawMode":0,"name":"Shaded","section":"Shading Mode"},"sceneLighting":false,"audioPlay":false,"sceneViewState":{"showFog":true,"showMaterialUpdate":false,"showSkybox":false,"showFlares":true,"showImageEffects":true,"showParticleSystems":true},"in2DMode":false,"pivot":{"x":-0.09142535924911499,"y":-0.00457271933555603,"z":-0.036157846450805667},"rotation":{"x":-0.014799670316278935,"y":-0.9851386547088623,"z":0.11460060626268387,"w":-0.127183198928833},"size":0.18874579668045045,"orthographic":false}